model,image
VALIANT IV,https://tubosilescapes.com.ar/imagenesproductos/cat_141_1.jpg
DODGE 1500 (71/73),https://tubosilescapes.com.ar/imagenesproductos/cat_100_1.jpg
DODGE 1500 (73/82),https://tubosilescapes.com.ar/imagenesproductos/cat_101_1.jpg
VOLKSWAGEN 1500 (83/92),https://tubosilescapes.com.ar/imagenesproductos/cat_103_1.jpg
VOLKSWAGEN GOLF - 1.8 I (96/99),https://tubosilescapes.com.ar/imagenesproductos/cat_104_1.jpg
VOLKSWAGEN GOLF - 2.0 GTI (96/99),https://tubosilescapes.com.ar/imagenesproductos/cat_105_1.jpg
VOLKSWAGEN GOLF - GTD (96/99),https://tubosilescapes.com.ar/imagenesproductos/cat_106_1.jpg
VOLKSWAGEN GOLF IV - 1.6 I (99/12),https://tubosilescapes.com.ar/imagenesproductos/cat_107_1.jpg
VOLKSWAGEN BORA - 1.8 T (03/15),https://tubosilescapes.com.ar/imagenesproductos/cat_108_1.jpg
VOLKSWAGEN BORA - 2.0 y 1.9 TDI (00/15),https://tubosilescapes.com.ar/imagenesproductos/cat_109_1.jpg
VOLKSWAGEN POLO - 1.6 I (97/09),https://tubosilescapes.com.ar/imagenesproductos/cat_110_1.jpg
VOLKSWAGEN POLO - 1.9 DIESEL (96/09),https://tubosilescapes.com.ar/imagenesproductos/cat_111_1.jpg
VOLKSWAGEN POLO 1.6 MSI (17->),https://tubosilescapes.com.ar/imagenesproductos/cat_1019_1.jpg
VOLKSWAGEN FOX - 1.6 (04/10) y CROSS FOX - 1.6 (04/10),https://tubosilescapes.com.ar/imagenesproductos/cat_1009_1.jpg
VOLKSWAGEN FOX - 1.6 (10/19) y CROSS FOX - 1.6 (10/19),https://tubosilescapes.com.ar/imagenesproductos/cat_1010_1.jpg
VOLKSWAGEN SURAN - 1.6 (06/10),https://tubosilescapes.com.ar/imagenesproductos/cat_112_1.jpg
VOLKSWAGEN SURAN - 1.6 (10/19),https://tubosilescapes.com.ar/imagenesproductos/cat_1008_1.jpg
DODGE 1800 SEDAN Y RURAL (75/87) - VOLKSWAGEN 1500 RURAL,https://tubosilescapes.com.ar/imagenesproductos/cat_113_1.jpg
VOLKSWAGEN TRANSPORTER - 1.9 TD (96/00),https://tubosilescapes.com.ar/imagenesproductos/cat_114_1.jpg
VOLKSWAGEN GACEL GL y SENDA - 1.6 (83/95),https://tubosilescapes.com.ar/imagenesproductos/cat_115_1.jpg
VOLKSWAGEN GACEL y SENDA - 1.8 (88/95),https://tubosilescapes.com.ar/imagenesproductos/cat_116_1.jpg
VOLKSWAGEN SENDA - DIESEL (90/95),https://tubosilescapes.com.ar/imagenesproductos/cat_117_1.jpg
VOLKSWAGEN SAVEIRO - 1.6 (92/94),https://tubosilescapes.com.ar/imagenesproductos/cat_118_1.jpg
VOLKSWAGEN SAVEIRO - 1.8 (94/97),https://tubosilescapes.com.ar/imagenesproductos/cat_119_1.jpg
VOLKSWAGEN SAVEIRO - 1.6 DIESEL (92/94),https://tubosilescapes.com.ar/imagenesproductos/cat_120_1.jpg
VOLKSWAGEN SAVEIRO - 1.6 MI (97/05),https://tubosilescapes.com.ar/imagenesproductos/cat_121_1.jpg
"VOLKSWAGEN SAVEIRO - 1.6, 1.9 DIESEL (97/00)",https://tubosilescapes.com.ar/imagenesproductos/cat_122_1.jpg
VOLKSWAGEN SAVEIRO - 1.9 (06/10),https://tubosilescapes.com.ar/imagenesproductos/cat_123_1.jpg
VOLKSWAGEN SAVEIRO 1.6 (10/22),https://tubosilescapes.com.ar/imagenesproductos/cat_124_1.jpg
VOLKSWAGEN CADDY (98/09),https://tubosilescapes.com.ar/imagenesproductos/cat_125_1.jpg
VOLKSWAGEN GOL NACIONAL - 1.6 (93/95),https://tubosilescapes.com.ar/imagenesproductos/cat_126_1.jpg
VOLKSWAGEN GOL BRASILERO - 1.6 (91/92),https://tubosilescapes.com.ar/imagenesproductos/cat_127_1.jpg
VOLKSWAGEN GOL - 1.8 (92/93),https://tubosilescapes.com.ar/imagenesproductos/cat_128_1.jpg
VOLKSWAGEN GOL - 1.8 (94/95),https://tubosilescapes.com.ar/imagenesproductos/cat_129_1.jpg
VOLKSWAGEN GOL - 1.6 I (96/98),https://tubosilescapes.com.ar/imagenesproductos/cat_130_1.jpg
VOLKSWAGEN GOL - 1.8 I (96/98),https://tubosilescapes.com.ar/imagenesproductos/cat_131_1.jpg
VOLKSWAGEN GOL - 1.6 MI (98/11),https://tubosilescapes.com.ar/imagenesproductos/cat_132_1.jpg
VOLKSWAGEN GOL - 1.9 DIESEL (99/05),https://tubosilescapes.com.ar/imagenesproductos/cat_133_1.jpg
VOLKSWAGEN GOL - 1.0 I (00/02),https://tubosilescapes.com.ar/imagenesproductos/cat_134_1.jpg
VOLKSWAGEN GOL - 1.6 DIESEL (96/99),https://tubosilescapes.com.ar/imagenesproductos/cat_135_1.jpg
VOLKSWAGEN GOL POWER -1.6 (09/11),https://tubosilescapes.com.ar/imagenesproductos/cat_820_1.jpg
VOLKSWAGEN GOL POWER - 1.4 (12/15),https://tubosilescapes.com.ar/imagenesproductos/cat_769_1.jpg
VOLKSWAGEN GOL TREND - 1.6 (08/22),https://tubosilescapes.com.ar/imagenesproductos/cat_794_1.jpg
VOLKSWAGEN VOYAGE - 1.6 (07/20),https://tubosilescapes.com.ar/imagenesproductos/cat_795_1.jpg
"VOLKSWAGEN CARAT - 1.8, 2.0 (87/91)",https://tubosilescapes.com.ar/imagenesproductos/cat_138_1.jpg
"VOLKSWAGEN POINTER - AUDI - 1.6 I, 1.8 I, 2.0 I (95/96)",https://tubosilescapes.com.ar/imagenesproductos/cat_140_1.jpg
VOLKSWAGEN UP - 1.0 (14/21),https://tubosilescapes.com.ar/imagenesproductos/cat_973_1.jpg
VOLKSWAGEN AMAROK - 2.0 TDI (10->),https://tubosilescapes.com.ar/imagenesproductos/cat_975_1.jpg
