vehiclemodel_brand,vehiclemodel_name,vehiclemodel_version,vehiclemodel_production,vehiclemodel_details,image_url,raw_model
RENAULT,JEEP IKA,,,,https://tubosilescapes.com.ar/imagenesproductos/cat_267_1.jpg,JEEP IKA
RENAULT,ESTANCIERA IKA,,,,https://tubosilescapes.com.ar/imagenesproductos/cat_268_1.jpg,ESTANCIERA IKA
RENAULT,R19 RN,1600,1992-1994,SIN BAUL,https://tubosilescapes.com.ar/imagenesproductos/cat_269_1.jpg,RENAULT R19 RN - 1600 - Sin Baul (92/94)
RENAULT,R19 RT,1700,1992-1994,CON BAUL,https://tubosilescapes.com.ar/imagenesproductos/cat_271_1.jpg,RENAULT R19 RT - 1700 - Con Baul (92/94)
RENAULT,R19 RN,1.6 I,1995-1997,SIN BAUL,https://tubosilescapes.com.ar/imagenesproductos/cat_272_1.jpg,RENAULT R19 RN - 1.6 I - Sin Baul (95/97)
RENAULT,R19 RN,1.6 I,1995-1997,CON BAUL,https://tubosilescapes.com.ar/imagenesproductos/cat_273_1.jpg,RENAULT R19 RN - 1.6 I - Con Baul (95/97)
RENAULT,R19 RT,1.8 I,1995-1997,SIN BAUL,https://tubosilescapes.com.ar/imagenesproductos/cat_274_1.jpg,RENAULT R19 RT - 1.8 I - Sin Baul (95/97)
RENAULT,R19 RT,1.8 I,1995-1997,CON BAUL,https://tubosilescapes.com.ar/imagenesproductos/cat_275_1.jpg,RENAULT R19 RT - 1.8 I - Con Baul (95/97)
RENAULT,R19 RE,1.6,1997-1999,CON BAUL,https://tubosilescapes.com.ar/imagenesproductos/cat_270_1.jpg,RENAULT R19 RE - 1.6 - Con Baul (97/99)
RENAULT,R19,DIESEL 1.9,1995-1999,SIN BAUL,https://tubosilescapes.com.ar/imagenesproductos/cat_276_1.jpg,RENAULT R19 - DIESEL 1.9 - Sin Baul (95/99)
RENAULT,R19,DIESEL 1.9,1995-1999,CON BAUL,https://tubosilescapes.com.ar/imagenesproductos/cat_277_1.jpg,RENAULT R19 - DIESEL 1.9 - Con Baul (95/99)
RENAULT,CLIO,1.4 I,1994-1999,,https://tubosilescapes.com.ar/imagenesproductos/cat_278_1.jpg,RENAULT CLIO - 1.4 I (94/99)
RENAULT,CLIO,1.6 I,1996-1999,,https://tubosilescapes.com.ar/imagenesproductos/cat_279_1.jpg,RENAULT CLIO - 1.6 I (96/99)
RENAULT,CLIO,1.9 DIESEL,1996-1999,,https://tubosilescapes.com.ar/imagenesproductos/cat_280_1.jpg,RENAULT CLIO - 1.9 DIESEL (96/99)
RENAULT,CLIO II,1.6 I,2000-2003,SIN BAUL,https://tubosilescapes.com.ar/imagenesproductos/cat_282_1.jpg,RENAULT CLIO II - 1.6 I - Sin Baul (00/03)
RENAULT,CLIO II,1.6 I,2000-2003,CON BAUL,https://tubosilescapes.com.ar/imagenesproductos/cat_281_1.jpg,RENAULT CLIO II - 1.6 I - Con Baul (00/03)
RENAULT,CLIO II,DIESEL 1.9,2000-2003,SIN BAUL,https://tubosilescapes.com.ar/imagenesproductos/cat_283_1.jpg,RENAULT CLIO II - DIESEL 1.9 - Sin Baul (00/03)
RENAULT,CLIO II,DIESEL 1.9,2000-2003,CON BAUL,https://tubosilescapes.com.ar/imagenesproductos/cat_284_1.jpg,RENAULT CLIO II - DIESEL 1.9 - Con Baul (00/03)
RENAULT,CLIO II,1.6 I 16V,2000-2009,SIN BAUL,https://tubosilescapes.com.ar/imagenesproductos/cat_285_1.jpg,RENAULT CLIO II - 1.6 I 16V - Sin Baul (00/09)
RENAULT,CLIO II,1.6 I 16V,2000-2009,CON BAUL,https://tubosilescapes.com.ar/imagenesproductos/cat_286_1.jpg,RENAULT CLIO II - 1.6 I 16V - Con Baul (00/09)
RENAULT,CLIO II,1.2 16V,2003-2012,SIN BAUL,https://tubosilescapes.com.ar/imagenesproductos/cat_287_1.jpg,RENAULT CLIO II - 1.2 16V - Sin Baul (03/12)
RENAULT,CLIO II,1.2 16V,2003-2009,CON BAUL,https://tubosilescapes.com.ar/imagenesproductos/cat_288_1.jpg,RENAULT CLIO II - 1.2 16V - Con Baul (03/09)
RENAULT,CLIO II,1.5 DCI,2003-2009,SIN BAUL,https://tubosilescapes.com.ar/imagenesproductos/cat_290_1.jpg,RENAULT CLIO II - 1.5 DCI - Sin Baul (03/09)
RENAULT,CLIO II,1.5 DCI,2003-2010,CON BAUL,https://tubosilescapes.com.ar/imagenesproductos/cat_291_1.jpg,RENAULT CLIO II - 1.5 DCI - Con Baul (03/10)
RENAULT,CLIO MIO,1.2,2012-2017,,https://tubosilescapes.com.ar/imagenesproductos/cat_827_1.jpg,RENAULT CLIO MIO - 1.2 (12/17)
RENAULT,SYMBOL,1.6 16V,2009-2013,,https://tubosilescapes.com.ar/imagenesproductos/cat_292_1.jpg,RENAULT SYMBOL - 1.6 16V (09/13)
RENAULT,EXPRESS,DIESEL 1.9,1996-2000,,https://tubosilescapes.com.ar/imagenesproductos/cat_293_1.jpg,RENAULT EXPRESS - DIESEL 1.9 (96/00)
RENAULT,MEGANE RT,1.6 I,1997-1999,,https://tubosilescapes.com.ar/imagenesproductos/cat_294_1.jpg,RENAULT MEGANE RT - 1.6 I (97/99)
RENAULT,MEGANE RT | RXE,2.0 I,1997-1999,,https://tubosilescapes.com.ar/imagenesproductos/cat_296_1.jpg,"RENAULT MEGANE RT, RXE - 2.0 I (97/99)"
RENAULT,MEGANE,1.9 TD,1997-2009,,https://tubosilescapes.com.ar/imagenesproductos/cat_295_1.jpg,RENAULT MEGANE - 1.9 TD (97/09)
RENAULT,MEGANE,1.6 I 16V,2000-2009,,https://tubosilescapes.com.ar/imagenesproductos/cat_297_1.jpg,RENAULT MEGANE - 1.6 I 16V (00/09)
RENAULT,MEGANE II,2.0 16V | 1.9 D | 1.5 DCI,2006-2011,CON BAUL,https://tubosilescapes.com.ar/imagenesproductos/cat_298_1.jpg,"RENAULT MEGANE II - 2.0 16V, 1.9 D y 1.5 DCI con baul (06/11)"
RENAULT,MEGANE II,1.6 16V,2006-2011,CON BAUL,https://tubosilescapes.com.ar/imagenesproductos/cat_299_1.jpg,RENAULT MEGANE II - 1.6 16V - Con Baul (06/11)
RENAULT,SCENIC,2.0 I,1997-2004,,https://tubosilescapes.com.ar/imagenesproductos/cat_309_1.jpg,RENAULT SCENIC - 2.0 I (97/04)
RENAULT,SCENIC,1.9 TD,2000-2011,,https://tubosilescapes.com.ar/imagenesproductos/cat_1063_1.jpg,RENAULT SCENIC - 1.9 TD (00/11)
RENAULT,SCENIC,1.6 I 16V | 2.0 16V,2000-2011,,https://tubosilescapes.com.ar/imagenesproductos/cat_632_1.jpg,RENAULT SCENIC - 1.6 I 16V y 2.0 16V (00/11)
RENAULT,LAGUNA RXE,2.0,1995-2002,,https://tubosilescapes.com.ar/imagenesproductos/cat_300_1.jpg,RENAULT LAGUNA RXE - 2.0 (95/02)
RENAULT,LAGUNA,1.8 | DIESEL 2.2,1996-1998,,https://tubosilescapes.com.ar/imagenesproductos/cat_301_1.jpg,RENAULT LAGUNA - 1.8 y DIESEL 2.2 (96/98)
RENAULT,TORINO 380W,7 BANCADAS,1976-1982,,https://tubosilescapes.com.ar/imagenesproductos/cat_305_1.jpg,TORINO 380W - 7 BANCADAS (76/82)
RENAULT,TRAFIC,1400,,,https://tubosilescapes.com.ar/imagenesproductos/cat_306_1.jpg,RENAULT TRAFIC - 1400
RENAULT,TRAFIC,2000 | DIESEL,,,https://tubosilescapes.com.ar/imagenesproductos/cat_307_1.jpg,RENAULT TRAFIC - 2000 y DIESEL
RENAULT,TRAFIC,1.9 DIESEL,1999-2003,,https://tubosilescapes.com.ar/imagenesproductos/cat_308_1.jpg,RENAULT TRAFIC - 1.9 DIESEL (99/03)
RENAULT,MASTER,2.8,2003-2007,,https://tubosilescapes.com.ar/imagenesproductos/cat_310_1.jpg,RENAULT MASTER - 2.8 (03/07)
RENAULT,4L,,,,https://tubosilescapes.com.ar/imagenesproductos/cat_311_1.jpg,RENAULT 4L y 4S
RENAULT,4S,,,,https://tubosilescapes.com.ar/imagenesproductos/cat_311_1.jpg,RENAULT 4L y 4S
RENAULT,6,,,2ª SERIE,https://tubosilescapes.com.ar/imagenesproductos/cat_312_1.jpg,RENAULT 6 - 2ª SERIE
RENAULT,21,,1989-1995,,https://tubosilescapes.com.ar/imagenesproductos/cat_313_1.jpg,RENAULT 21 (89/95)
RENAULT,21 NEVADA,,1990-1996,,https://tubosilescapes.com.ar/imagenesproductos/cat_314_1.jpg,RENAULT 21 NEVADA (90/96)
RENAULT,21 ALIZE,,1994-1996,,https://tubosilescapes.com.ar/imagenesproductos/cat_316_1.jpg,RENAULT 21 ALIZE (94/96)
RENAULT,TWINGO,,1994-2001,,https://tubosilescapes.com.ar/imagenesproductos/cat_318_1.jpg,RENAULT TWINGO (94/01)
RENAULT,LOGAN,1.6 8V,2008-2013,,https://tubosilescapes.com.ar/imagenesproductos/cat_320_1.jpg,RENAULT LOGAN - 1.6 8V (08/13)
RENAULT,LOGAN,1.6 16V,2008-2013,,https://tubosilescapes.com.ar/imagenesproductos/cat_896_1.jpg,RENAULT LOGAN - 1.6 16V (08/13)
RENAULT,LOGAN,1.6 8V,2013-2019,,https://tubosilescapes.com.ar/imagenesproductos/cat_885_1.jpg,RENAULT LOGAN - 1.6 8V (13/19)
RENAULT,LOGAN,1.6 16V,2013-2019,,https://tubosilescapes.com.ar/imagenesproductos/cat_897_1.jpg,RENAULT LOGAN - 1.6 16V (13/19)
RENAULT,SANDERO,1.6 8V,2008-2013,,https://tubosilescapes.com.ar/imagenesproductos/cat_321_1.jpg,RENAULT SANDERO - 1.6 8V (08/13)
RENAULT,SANDERO,1.6 16V,2008-2013,,https://tubosilescapes.com.ar/imagenesproductos/cat_899_1.jpg,RENAULT SANDERO - 1.6 16V (08/13)
RENAULT,SANDERO,1.6 8V,2013-2019,,https://tubosilescapes.com.ar/imagenesproductos/cat_886_1.jpg,RENAULT SANDERO - 1.6 8V (13/19)
RENAULT,SANDERO,1.6 16V,2013-2019,,https://tubosilescapes.com.ar/imagenesproductos/cat_900_1.jpg,RENAULT SANDERO - 1.6 16V (13/19)
RENAULT,12,1400,,,https://tubosilescapes.com.ar/imagenesproductos/cat_322_1.jpg,RENAULT 12 - 1400
RENAULT,12 BREAK,,,,https://tubosilescapes.com.ar/imagenesproductos/cat_323_1.jpg,RENAULT 12 BREAK
RENAULT,12,1600,,CAJA 5ª,https://tubosilescapes.com.ar/imagenesproductos/cat_324_1.jpg,RENAULT 12 - 1600 CAJA 5ª
RENAULT,18,,1982-1993,,https://tubosilescapes.com.ar/imagenesproductos/cat_326_1.jpg,RENAULT 18 y BREAK GTX (82/93)
RENAULT,BREAK GTX,,1982-1993,,https://tubosilescapes.com.ar/imagenesproductos/cat_326_1.jpg,RENAULT 18 y BREAK GTX (82/93)
RENAULT,FUEGO,,1983-1989,,https://tubosilescapes.com.ar/imagenesproductos/cat_331_1.jpg,RENAULT FUEGO (83/89)
RENAULT,18,DIESEL,1989-1993,,https://tubosilescapes.com.ar/imagenesproductos/cat_329_1.jpg,RENAULT 18 - DIESEL (89/93)
RENAULT,18,1400,1984-1988,,https://tubosilescapes.com.ar/imagenesproductos/cat_330_1.jpg,RENAULT 18 - 1400 (84/88)
RENAULT,18,1600,1989-1991,PARAGOLPES ENVOLVENTE,https://tubosilescapes.com.ar/imagenesproductos/cat_328_1.jpg,RENAULT 18 - 1600 PARAGOLPES ENVOLVENTE (89/91)
RENAULT,11 TL,1400,1984-1986,,https://tubosilescapes.com.ar/imagenesproductos/cat_332_1.jpg,RENAULT 11 TL - 1400 (84/86)
RENAULT,11 TS,1400,1984-1990,,https://tubosilescapes.com.ar/imagenesproductos/cat_333_1.jpg,RENAULT 11 TS - 1400 (84/90)
RENAULT,11,1600,1987-1995,,https://tubosilescapes.com.ar/imagenesproductos/cat_334_1.jpg,RENAULT 11 - 1600 (87/95)
RENAULT,9,1400,1987-1990,,https://tubosilescapes.com.ar/imagenesproductos/cat_335_1.jpg,RENAULT 9 - 1400 (87/90)
RENAULT,9,1600,1987-1996,,https://tubosilescapes.com.ar/imagenesproductos/cat_336_1.jpg,RENAULT 9 - 1600 (87/96)
RENAULT,9 TXE,1600,1988-1993,,https://tubosilescapes.com.ar/imagenesproductos/cat_337_1.jpg,RENAULT 9 TXE - 1600 (88/93)
RENAULT,KANGOO,1.6 I,1999-2004,,https://tubosilescapes.com.ar/imagenesproductos/cat_338_1.jpg,RENAULT KANGOO - 1.6 I (99/04) y 1.9 DIESEL (99/07)
RENAULT,KANGOO,1.9 DIESEL,1999-2007,,https://tubosilescapes.com.ar/imagenesproductos/cat_338_1.jpg,RENAULT KANGOO - 1.6 I (99/04) y 1.9 DIESEL (99/07)
RENAULT,KANGOO,1.6 16V,2005-2018,,https://tubosilescapes.com.ar/imagenesproductos/cat_339_1.jpg,RENAULT KANGOO - 1.6 16V (05/18)
RENAULT,KANGOO II,1.6 SCE,2018-ACTUALIDAD,,https://tubosilescapes.com.ar/imagenesproductos/cat_933_1.jpg,RENAULT KANGOO II - 1.6 SCE (18 ->)
RENAULT,FLUENCE,2.0,2010-2018,,https://tubosilescapes.com.ar/imagenesproductos/cat_828_1.jpg,RENAULT FLUENCE - 2.0 (10/18)
RENAULT,DUSTER,1.6 16V,2012-2020,,https://tubosilescapes.com.ar/imagenesproductos/cat_770_1.jpg,RENAULT DUSTER - 1.6 16V (12/20)
RENAULT,DUSTER,2.0 16V,2012-2022,,https://tubosilescapes.com.ar/imagenesproductos/cat_901_1.jpg,RENAULT DUSTER - 2.0 16V (12/22)
RENAULT,DUSTER,2.0 4x4,2012-2018,,https://tubosilescapes.com.ar/imagenesproductos/cat_1001_1.jpg,RENAULT DUSTER - 2.0 4x4 (12/18)
RENAULT,OROCH,1.6 16V,2016-2021,,https://tubosilescapes.com.ar/imagenesproductos/cat_902_1.jpg,RENAULT OROCH - 1.6 16V (16/21)
RENAULT,OROCH,2.0 16V,2016-2022,,https://tubosilescapes.com.ar/imagenesproductos/cat_903_1.jpg,RENAULT OROCH - 2.0 16V (16/22)
RENAULT,KWID,1.0,2017-ACTUALIDAD,,https://tubosilescapes.com.ar/imagenesproductos/cat_993_1.jpg,RENAULT KWID - 1.0 (17->)
